MeanTotal,MeanInvestment,MeanShortfall,P95Total,FillRateOverall,CycleService
17.8789309854504,17.179296389261,0.699634596189321,43.8796929047206,0.996047443708705,0.5149
