Component,Weight
w0 (intercept),0.427734375
w1,0.8623779296875
w2,0.003955078125
w3,0.00175590515136719
w4,0.0119873046875
w5,0.0187500000000007
w6,0
w7,0.0001220703125
w8,0
w9,0.00048828125
w10,0
w11,0
